date,cycle,capacity,SoH,resistance,CCCT,CVCT
2022/1/1,1,1.12425147,0.825265334,0.093494251,6584.606466,2250.46682
2022/1/2,2,1.123968047,0.816053192,0.091951549,6581.199729,2239.498181
2022/1/3,3,1.123610514,0.816065315,0.092034996,6578.870556,2230.982867
2022/1/4,4,1.117114771,0.806864017,0.091868266,6573.386562,2257.123247
2022/1/5,5,1.116239457,0.797693636,0.089267567,6609.586265,2078.301639
2022/1/6,6,1.108957942,0.78853418,0.088536099,6606.387695,2038.225315
2022/1/7,7,1.098149118,0.806906666,0.091951549,6505.124021,2156.124151
2022/1/8,8,1.095877687,0.797708149,0.091868266,6445.154622,2149.436819
2022/1/9,9,1.089672638,0.797720464,0.091137819,6420.232679,2138.983908
2022/1/10,10,1.087484639,0.788544412,0.092597388,6399.842824,2133.7806
2022/1/11,11,1.094575473,0.797688219,0.090242282,6387.842117,2100.970856
2022/1/12,12,1.095734436,0.788535812,0.08796265,6462.369033,2013.849172
2022/1/13,13,1.095762109,0.788518378,0.088696629,6482.557493,1980.366241
2022/1/14,14,1.095513719,0.788503511,0.087803297,6489.609668,1957.851702
2022/1/15,15,1.095264913,0.788505276,0.086333714,6492.345557,1946.227365
2022/1/16,16,1.09470673,0.779327128,0.086990304,6507.255536,1932.228815
2022/1/17,17,1.094325705,0.779313514,0.086990304,6494.570667,1912.97935
2022/1/18,18,1.093701175,0.779324184,0.086177312,6491.898541,1907.432433
2022/1/19,19,1.093135249,0.779308989,0.086833,6489.698816,1899.682786
2022/1/20,20,1.092635685,0.779310338,0.086099319,6486.868925,1892.152022
2022/1/21,21,1.088815372,0.770147366,0.085287064,6483.885372,1889.027289
2022/1/22,22,1.088509223,0.770146104,0.084704772,6482.464709,1883.340142
2022/1/23,23,1.088208588,0.77013266,0.088376142,6481.654445,1873.013109
2022/1/24,24,1.087727939,0.770135576,0.086099319,6478.982388,1867.996977
2022/1/25,25,1.087289432,0.770132621,0.086099319,6474.654286,1868.590903
2022/1/26,26,1.079865272,0.761016048,0.085364319,6471.201314,1862.137816
2022/1/27,27,1.069449851,0.770183191,0.090160608,6361.115321,2004.331186
2022/1/28,28,1.067894979,0.77019507,0.090160608,6297.09623,2027.611542
2022/1/29,29,1.061954441,0.77935548,0.089429289,6269.407732,2037.516976
2022/1/30,30,1.060438387,0.770187558,0.088696629,6252.704423,2040.516604
2022/1/31,31,1.069282598,0.779326866,0.087803297,6227.3602,2061.939815
2022/2/1,32,1.074870171,0.770142919,0.086333714,6338.623079,1931.819882
2022/2/2,33,1.06948937,0.760995824,0.086833,6363.861456,1911.508699
2022/2/3,34,1.059428566,0.770177091,0.090972871,6280.72159,2036.610794
2022/2/4,35,1.057528247,0.770194903,0.092430092,6210.765883,2059.672186
2022/2/5,36,1.052708674,0.770175088,0.088696629,6194.312858,2056.29715
2022/2/6,37,1.051415298,0.761025273,0.090242282,6184.719156,2062.874754
2022/2/7,38,1.060664683,0.770176406,0.087882899,6172.71934,2089.281584
2022/2/8,39,1.066298257,0.760983212,0.087644517,6282.497159,1944.648322
2022/2/9,40,1.066797802,0.770148762,0.086990304,6303.608883,1923.52301
2022/2/10,41,1.050711717,0.761010348,0.090242282,6244.236711,2059.531405
2022/2/11,42,1.050165124,0.761022419,0.090079091,6159.953661,2065.296862
2022/2/12,43,1.049639202,0.761017834,0.089510359,6155.532298,2061.625039
2022/2/13,44,1.048510903,0.761014781,0.088696629,6148.891571,2051.031521
2022/2/14,45,1.050782482,0.779349834,0.090160608,6126.547133,2079.890141
2022/2/15,46,1.058252324,0.770163725,0.089267567,6212.979713,1962.146169
2022/2/16,47,1.059199499,0.760994293,0.085441709,6251.030042,1938.398249
2022/2/17,48,1.04807458,0.761025499,0.087882899,6211.664377,2037.953715
2022/2/18,49,1.043127004,0.761025445,0.090972871,6132.48573,2055.922308
2022/2/19,50,1.042384174,0.751884423,0.089510359,6123.986006,2055.656871
2022/2/20,51,1.041576793,0.761028179,0.090242282,6116.282927,2055.265975
2022/2/21,52,1.087456803,0.77938114,0.087803297,6125.362323,2073.7033
2022/2/22,53,1.085281397,0.788556796,0.087803297,6386.571726,2104.452104
2022/2/23,54,1.087495396,0.779357059,0.086911581,6415.334111,1995.75464
2022/2/24,55,1.087183727,0.779366524,0.084627979,6440.698456,1964.615693
2022/2/25,56,1.077637429,0.779377708,0.088536099,6395.289711,2042.829651
2022/2/26,57,1.07087245,0.770202167,0.089348353,6317.373362,2087.718653
2022/2/27,58,1.069915834,0.770201029,0.087069169,6297.577036,2071.062722
2022/2/28,59,1.05999739,0.779398351,0.090324089,6251.357944,2166.9373
2022/3/1,60,1.061958141,0.77938153,0.090324089,6206.390591,2106.516031
2022/3/2,61,1.060535075,0.770208585,0.090972871,6228.316024,2103.781829
2022/3/3,62,1.051836004,0.770232038,0.091055274,6195.940012,2134.919619
2022/3/4,63,1.051053496,0.770213655,0.091951549,6122.9959,2180.340946
2022/3/5,64,1.050166535,0.770221212,0.090242282,6122.199707,2169.340618
2022/3/6,65,1.044471626,0.760991654,0.090324089,6111.559256,2154.263175
2022/3/7,66,1.042316699,0.770166849,0.091137819,6084.388098,2189.183803
2022/3/8,67,1.043772562,0.770150259,0.092597388,6069.889023,2166.076231
2022/3/9,68,1.043447195,0.770160308,0.091055274,6096.095116,2145.311357
2022/3/10,69,1.040532122,0.760996132,0.092513658,6093.439537,2131.498381
2022/3/11,70,1.03489248,0.760995622,0.091137819,6025.24793,2212.839622
2022/3/12,71,1.034716846,0.761015634,0.091055274,6027.575954,2189.308714
2022/3/13,72,1.034135736,0.761003469,0.091785125,6026.826615,2180.793462
2022/3/14,73,1.032167952,0.770181991,0.093409643,6011.061114,2201.105502
2022/3/15,74,1.034764262,0.77013858,0.090324089,5998.34267,2171.76372
2022/3/16,75,1.034597355,0.770151191,0.091785125,6039.611663,2150.638971
2022/3/17,76,1.034089715,0.770169419,0.089429289,6036.549511,2152.67049
2022/3/18,77,1.033459645,0.760988889,0.091055274,6028.971311,2153.639288
2022/3/19,78,1.0329447,0.760991412,0.091785125,6022.221256,2157.248501
2022/3/20,79,0.920662963,0.74264855,0.08796265,6020.00273,0
2022/3/21,80,1.032634948,0.751800166,0.090890616,6049.893917,2156.061676
2022/3/22,81,1.031854127,0.760993434,0.089591585,6013.128282,2151.764462
2022/3/23,82,1.031367301,0.760987687,0.090242282,6001.847034,2152.530075
2022/3/24,83,1.030823847,0.760993463,0.089510359,5994.674834,2157.37372
2022/3/25,84,1.03012829,0.761000971,0.090324089,5987.955729,2153.858031
2022/3/26,85,1.02544909,0.760996692,0.091055274,5982.956072,2160.201457
2022/3/27,86,1.025014889,0.760989239,0.08967296,5975.659317,2154.326671
2022/3/28,87,1.024947075,0.7609797,0.089510359,5973.565954,2158.748658
2022/3/29,88,0.91224465,0.742648498,0.089348353,5971.316634,0
2022/3/30,89,1.023864783,0.751836133,0.091785125,5991.987231,2171.35769
2022/3/31,90,1.023542449,0.751810573,0.090324089,5957.862716,2168.638933
2022/4/1,91,0.904143012,0.733511738,0.089510359,5950.938229,0
2022/4/2,92,1.00824418,0.751854676,0.091137819,5905.670645,2278.27576
2022/4/3,93,1.007446919,0.751862485,0.093494251,5820.514977,2294.134653
2022/4/4,94,1.006737359,0.751865568,0.092681259,5814.890043,2295.041086
2022/4/5,95,1.024203493,0.751844431,0.090406053,1.171851662,1512.278492
2022/4/6,96,1.023685907,0.751834972,0.089510359,5957.942735,2168.629921
2022/4/7,97,1.023035722,0.75185432,0.090406053,5957.787641,2146.755531
2022/4/8,98,1.030308319,0.751837905,0.088616297,5963.944439,2114.445346
2022/4/9,99,1.031131439,0.742663378,0.088616297,6020.935759,2068.509467
2022/4/10,100,1.024230329,0.733486337,0.089429289,6032.60977,2057.635347
2022/4/11,101,1.016614076,0.742655159,0.090324089,5942.570685,2175.677141
2022/4/12,102,1.016602644,0.751821246,0.090972871,5919.96035,2163.161949
2022/4/13,103,1.016308599,0.742653795,0.089429289,5928.930314,2133.318973
2022/4/14,104,1.015045634,0.742668868,0.089510359,5907.914153,2164.318009
2022/4/15,105,1.022116977,0.751815184,0.089591585,5878.678996,2229.422837
2022/4/16,106,1.023577823,0.742645927,0.087803297,5972.077249,2076.165984
2022/4/17,107,1.023832636,0.742661089,0.088696629,5989.770552,2056.807362
2022/4/18,108,1.013188748,0.751852031,0.089429289,5934.401182,2176.802166
2022/4/19,109,0.894892659,0.733493309,0.090324089,5856.773138,0
2022/4/20,110,1.012015257,0.742658288,0.091055274,5880.147846,2214.832628
2022/4/21,111,1.006922596,0.742655281,0.091055274,5848.852153,2195.348479
2022/4/22,112,1.005141119,0.751845901,0.092597388,5818.866975,2238.738383
2022/4/23,113,1.015586781,0.742641966,0.090242282,5847.493862,2133.070188
2022/4/24,114,1.02012908,0.742639957,0.087069169,5932.655564,2097.555591
2022/4/25,115,1.007339027,0.733505883,0.090242282,5944.079378,2033.603342
2022/4/26,116,1.004941754,0.742677806,0.089510359,5817.91405,2234.597677
2022/4/27,117,1.004688263,0.742679324,0.090324089,5802.397924,2224.566628
2022/4/28,118,1.004999,0.742658293,0.090406053,5799.054708,2221.629223
2022/4/29,119,0.997164094,0.733506396,0.090488173,5795.961123,2240.929406
2022/4/30,120,1.011884419,0.742649665,0.090324089,5747.101528,2262.192143
2022/5/1,121,1.013241073,0.733489669,0.088042542,5885.247676,2123.742424
2022/5/2,122,1.013600101,0.733482264,0.088616297,5899.765287,2115.399373
2022/5/3,123,1.015077653,0.733456836,0.088616297,5959.376906,2077.447856
2022/5/4,124,1.015726339,0.733467583,0.087069169,5945.019447,2057.182918
2022/5/5,125,1.019705666,0.733475561,0.087803297,5953.630452,2043.293426
2022/5/6,126,1.020107298,0.733474212,0.085441709,5960.775738,2031.481006
2022/5/7,127,1.020744933,0.733478742,0.087723836,5970.914879,2021.278745
2022/5/8,128,1.020663922,0.733468376,0.086255439,5973.477571,2019.731975
2022/5/9,129,1.02095738,0.724304892,0.086255439,5977.009687,2013.872927
2022/5/10,130,1.021144178,0.724291491,0.086177312,5981.44797,2007.357931
2022/5/11,131,1.021401817,0.724303385,0.086177312,5984.698623,2004.701705
2022/5/12,132,1.02159837,0.724312696,0.086990304,5986.011766,2004.592465
2022/5/13,133,1.021684769,0.72431276,0.087644517,5989.574678,1997.358311
2022/5/14,134,1.021690303,0.724293191,0.085441709,5992.168661,1989.467827
2022/5/15,135,1.021775968,0.73347927,0.086255439,5992.681252,1992.061685
2022/5/16,136,1.01391666,0.715159174,0.085441709,5993.544316,1994.468013
2022/5/17,137,1.003551708,0.733526629,0.089591585,5857.69933,2183.525085
2022/5/18,138,1.00395811,0.733501816,0.090160608,5796.806424,2193.302327
2022/5/19,139,0.998490493,0.733491807,0.089510359,5800.150435,2198.45858
2022/5/20,140,0.997959485,0.733487137,0.090242282,5786.213066,2207.102405
2022/5/21,141,1.005537519,0.751818042,0.092513658,5756.524689,2257.488306
2022/5/22,142,1.013241125,0.733479668,0.089348353,5882.407493,2087.103845
2022/5/23,143,1.013854308,0.733460183,0.089348353,5919.304429,2065.026831
2022/5/24,144,1.013286606,0.742672019,0.091055274,5826.009498,2294.378844
2022/5/25,145,1.014152584,0.751847795,0.091055274,5830.711075,2299.175174
2022/5/26,146,1.022069829,0.742639861,0.089429289,5920.999239,2131.384078
2022/5/27,147,1.022435045,0.733452509,0.087882899,5963.986984,2097.932375
2022/5/28,148,1.006471949,0.742668977,0.089429289,5907.297774,2219.333137
2022/5/29,149,1.00571085,0.742668869,0.091868266,5811.445416,2255.910241
2022/5/30,150,1.007617404,0.742671961,0.091785125,5774.789912,2190.926893
2022/5/31,151,1.006389608,0.742677997,0.090242282,5794.087087,2172.568067
2022/6/1,152,1.004936897,0.733514307,0.091785125,5759.430553,2241.925545
2022/6/2,153,1.014776644,0.742642592,0.087227337,5802.511056,2116.008204
2022/6/3,154,1.015963616,0.742647281,0.088616297,5884.189036,2070.791482
2022/6/4,155,1.006781125,0.733511247,0.088616297,5900.737864,2003.151591
2022/6/5,156,1.004615062,0.733506176,0.090324089,5760.524949,2220.785709
2022/6/6,157,1.004989973,0.742673456,0.090972871,5757.930854,2182.083406
2022/6/7,158,1.005008301,0.74268256,0.089429289,5756.712246,2204.286137
2022/6/8,159,0.998573525,0.733497786,0.089591585,5760.430892,2194.239407
2022/6/9,160,1.006806787,0.742710338,0.089429289,5711.22732,2273.754466
2022/6/10,161,1.013258997,0.733521523,0.088696629,5836.016316,2092.587691
2022/6/11,162,1.014008746,0.742688682,0.087148182,5869.175917,2058.230135
2022/6/12,163,0.997658884,0.733553559,0.091055274,5807.496585,2192.583557
2022/6/13,164,0.997982211,0.733509289,0.091137819,5712.962231,2215.660883
2022/6/14,165,0.998234382,0.733485024,0.090324089,5728.041194,2184.380174
2022/6/15,166,0.998078916,0.73349256,0.091055274,5715.150239,2198.426632
2022/6/16,167,0.99734837,0.742671837,0.092765279,5697.681131,2244.832228
2022/6/17,168,1.011000703,0.733469909,0.088696629,5760.763674,2112.258328
2022/6/18,169,1.012255991,0.733462944,0.089348353,5835.954536,2068.322495
2022/6/19,170,1.013107104,0.733484142,0.087882899,5846.534297,2056.791768
2022/6/20,171,1.013233945,0.733456858,0.087723836,5856.081701,2044.776479
2022/6/21,172,1.013388081,0.724299689,0.088616297,5860.629617,2038.730041
2022/6/22,173,1.01405922,0.733448278,0.087069169,5872.740424,2028.840063
2022/6/23,174,1.014432552,0.73345372,0.087882899,5880.820339,2023.357182
2022/6/24,175,1.014603102,0.733451789,0.086333714,5887.805432,2012.731838
2022/6/25,176,1.014781068,0.733454488,0.087148182,5894.430936,2003.278781
2022/6/26,177,1.015003656,0.733445813,0.087723836,5895.774906,2005.044506
2022/6/27,178,1.015078386,0.733459359,0.087723836,5897.759539,2004.278887
2022/6/28,179,1.015252574,0.733457705,0.086255439,5898.665982,2008.232026
2022/6/29,180,1.015535156,0.733436372,0.086333714,5904.447806,1997.076196
2022/6/30,181,1.015856084,0.733482181,0.088616297,5906.854801,1999.076559
2022/7/1,182,1.015950857,0.733459413,0.087069169,5912.746176,1995.404729
2022/7/2,183,1.020746527,0.724306855,0.086255439,5926.044155,1969.296311
2022/7/3,184,1.020926221,0.724293145,0.088536099,5937.74903,1959.843653
2022/7/4,185,1.004661182,0.73350653,0.089429289,5795.323887,2175.130866
2022/7/5,186,1.004429701,0.733496559,0.089510359,5772.417125,2119.944081
2022/7/6,187,1.004182681,0.742673353,0.091785125,5755.134971,2169.818138
2022/7/7,188,0.998096687,0.733521855,0.089591585,5747.416673,2162.630472
2022/7/8,189,1.007209701,0.742663958,0.089429289,5740.274878,2160.757664
2022/7/9,190,1.012934435,0.733475503,0.087803297,5840.596723,2060.370128
2022/7/10,191,1.007277272,0.724309837,0.086255439,5866.473947,2038.245963
2022/7/11,192,0.997537305,0.742677316,0.091951549,5757.931798,2208.957553
2022/7/12,193,1.006055979,0.742703473,0.090242282,5689.556956,2275.706786
2022/7/13,194,1.014274586,0.733483767,0.090160608,5797.087609,2168.679487
2022/7/14,195,1.015337062,0.742652305,0.088456042,5867.75169,2104.697336
2022/7/15,196,1.007846547,0.724325627,0.086333714,5886.441928,2071.321095
2022/7/16,197,1.004823108,0.73349785,0.08967296,5767.291461,2217.457814
2022/7/17,198,1.005562371,0.742680317,0.090160608,5752.259472,2199.411508
2022/7/18,199,1.005730915,0.742658624,0.090242282,5767.229311,2177.896172
2022/7/19,200,1.00540607,0.742653623,0.092597388,5773.275565,2218.989561
2022/7/20,201,1.012871867,0.733463902,0.086333714,5821.51727,2094.228874
2022/7/21,202,1.013633461,0.724311947,0.088616297,5869.333466,2056.323852
2022/7/22,203,1.004671553,0.724328269,0.090890616,5844.255856,2123.804241
2022/7/23,204,1.004215038,0.733483603,0.088777117,5752.541481,2194.302074
2022/7/24,205,1.0044087,0.733478254,0.090242282,5759.27613,2190.865034
2022/7/25,206,1.003967283,0.733495121,0.089510359,5759.245033,2197.224183
2022/7/26,207,1.003586287,0.733491947,0.088857755,5752.917542,2164.52182
2022/7/27,208,1.011972805,0.733461502,0.087803297,5782.121014,2110.040864
2022/7/28,209,1.013372989,0.724283397,0.087069169,5866.896816,2048.308959
2022/7/29,210,1.006432217,0.715119053,0.087069169,5881.196348,2035.153033
2022/7/30,211,0.998694882,0.733490286,0.089510359,5773.746774,2170.818277
2022/7/31,212,1.004640377,0.733468232,0.088616297,5757.136636,2154.537949
2022/8/1,213,1.011456008,0.733463392,0.090160608,5776.607485,2177.038987
2022/8/2,214,1.013423167,0.724284031,0.087069169,5874.99397,2014.607547
2022/8/3,215,1.013666696,0.733444666,0.086255439,5890.04425,2006.732988
2022/8/4,216,1.013719361,0.733449325,0.086255439,5897.49791,2005.014622
2022/8/5,217,1.013942345,0.733444945,0.086255439,5898.7799,2001.108676
2022/8/6,218,1.014104427,0.733443266,0.086177312,5901.827519,1996.234015
2022/8/7,219,1.01416307,0.724281535,0.086177312,5905.453437,1993.296826
2022/8/8,220,1.014409503,0.72427662,0.086255439,5909.110351,1983.031539
2022/8/9,221,1.014999465,0.724283499,0.086911581,5920.971314,1970.110323
2022/8/10,222,1.014838213,0.724272567,0.087565355,5921.441696,1974.407422
2022/8/11,223,1.014798988,0.724269633,0.085441709,5923.285595,1969.735736
2022/8/12,224,1.014869928,0.724275952,0.085364319,5923.144911,1965.220525
2022/8/13,225,1.014900174,0.724259442,0.084627979,5924.942098,1963.845476
2022/8/14,226,1.01500024,0.724265501,0.086833,5927.083671,1965.751731
2022/8/15,227,1.015097391,0.724272848,0.086021475,5928.286727,1961.658138
2022/8/16,228,1.015387233,0.724262186,0.084627979,5929.318418,1965.580371
2022/8/17,229,1.015113461,0.724282264,0.085441709,5932.975055,1958.955362
2022/8/18,230,1.015071402,0.72429988,0.086333714,5931.444015,1956.861712
2022/8/19,231,1.015069753,0.724313626,0.086911581,5931.678598,1959.00233
2022/8/20,232,1.015092671,0.72432422,0.086177312,5931.116445,1956.315048
2022/8/21,233,1.004607542,0.73352543,0.088536099,5855.334273,2093.368442
2022/8/22,234,1.00544262,0.724356254,0.089267567,5792.717762,2079.446324
2022/8/23,235,1.004780584,0.733542156,0.087803297,5802.327612,2102.914868
2022/8/24,236,0.99861001,0.724305913,0.089510359,5771.01464,2141.13192
2022/8/25,237,0.997780357,0.733478247,0.090160608,5733.653459,2183.709143
2022/8/26,238,1.007113525,0.724293905,0.086990304,5793.645768,2054.512159
2022/8/27,239,1.012144554,0.724303723,0.086990304,5858.402012,2017.93594
2022/8/28,240,1.00362111,0.724312857,0.088616297,5856.920327,2033.38511
2022/8/29,241,0.997341531,0.733515663,0.090160608,5740.263292,2172.178067
2022/8/30,242,0.998740278,0.72442231,0.089429289,5736.606769,2215.61587
2022/8/31,243,0.998220069,0.724411274,0.088696629,5785.07639,2180.944036
2022/9/1,244,0.995751679,0.733573223,0.091055274,5749.011922,2244.692341
2022/9/2,245,1.004655098,0.724370145,0.087803297,5763.966391,2149.384307
2022/9/3,246,1.005596348,0.733543497,0.087882899,5841.928662,2095.199295
2022/9/4,247,0.997910586,0.724390379,0.087644517,5860.587365,2048.903388
2022/9/5,248,0.995307622,0.733600275,0.090324089,5731.04283,2249.582592
2022/9/6,249,0.995855028,0.733585175,0.090324089,5713.369593,2242.426471
2022/9/7,250,0.989861389,0.733577173,0.090972871,5720.417311,2243.051625
2022/9/8,251,0.9951135,0.724403286,0.089591585,5688.431735,2262.863879
2022/9/9,252,0.996201039,0.733561901,0.092430092,5681.837756,2327.191092
2022/9/10,253,0.998378335,0.733559533,0.089348353,5775.439893,2138.837141
2022/9/11,254,1.003575907,0.724371866,0.08796265,5803.833351,2113.651558
2022/9/12,255,0.989028584,0.733570074,0.090972871,5748.327906,2242.270591
2022/9/13,256,0.98882693,0.733577543,0.090324089,5677.010482,2272.613711
2022/9/14,257,0.989909971,0.724406622,0.090324089,5687.354706,2243.145772
2022/9/15,258,0.988775219,0.733478468,0.089510359,5702.105646,2241.239948
2022/9/16,259,0.988534948,0.724301004,0.091055274,5694.746488,2243.051951
2022/9/17,260,0.997649963,0.724300833,0.087148182,5742.328813,2141.97841
2022/9/18,261,1.00256011,0.724275858,0.089429289,5809.97542,2100.980273
2022/9/19,262,0.989107752,0.724307051,0.088777117,5812.852275,2082.509441
2022/9/20,263,0.987543292,0.724305682,0.090972871,5675.682978,2279.597905
2022/9/21,264,0.987167541,0.724344931,0.091702133,5672.886502,2253.473615
2022/9/22,265,0.987768455,0.733490267,0.090324089,5650.714118,2286.066662
2022/9/23,266,0.996662816,0.724345111,0.090406053,5674.152956,1119.330613
2022/9/24,267,0.988357253,0.724361383,0.090406053,0,944.4183443
2022/9/25,268,0.997348801,0.724323398,0.089591585,5703.041107,2266.907361
2022/9/26,269,1.002755822,0.724302594,0.089348353,5683.072907,2255.456919
2022/9/27,270,0.996948775,0.715149419,0.089348353,5777.706104,2158.569949
2022/9/28,271,0.987464321,0.724337511,0.091785125,5792.847996,2146.039403
2022/9/29,272,0.987326385,0.724310803,0.091868266,5687.21639,2326.4069
2022/9/30,273,0.986620745,0.733511518,0.091137819,5624.402665,2348.109372
2022/10/1,274,0.98880623,0.724394331,0.090406053,5609.090711,
2022/10/2,275,0.988225358,0.724390658,0.091868266,5473.382025,2403.524059
2022/10/3,276,0.996421256,0.733560188,0.089510359,5647.659539,
2022/10/4,277,0.997741119,0.733544282,0.088696629,5682.471706,2365.572844
2022/10/5,278,0.996989822,0.715204796,0.087882899,5766.29028,2200.593274
2022/10/6,279,0.986930505,0.733551712,0.091220528,5788.152223,2168.940185
2022/10/7,280,0.986902361,0.733564079,0.090324089,5695.332761,2328.744128
2022/10/8,281,0.981017257,0.733557711,0.092765279,5615.564852,2379.414617
2022/10/9,282,0.980555688,0.733554763,0.092597388,5620.159729,2381.71141
2022/10/10,283,0.980708987,0.742713474,0.093409643,5617.706235,2339.165647
2022/10/11,284,0.988774104,0.724365427,0.089510359,5583.69043,2409.147969
2022/10/12,285,0.989344496,0.733501491,0.090890616,5659.585872,2264.481846
2022/10/13,286,0.977853957,0.733538212,0.092034996,5665.228971,
2022/10/14,287,0.977986908,0.724347351,0.092681259,5589.328765,2465.209209
2022/10/15,288,0.978157421,0.72435484,0.092681259,5557.580547,2354.336404
2022/10/16,289,0.977540658,0.724373208,0.091868266,5561.28391,2386.523382
2022/10/17,290,0.980107768,0.724343405,0.091785125,5565.534475,2360.914649
2022/10/18,291,0.986305738,0.724326945,0.090242282,5537.31535,2428.164341
2022/10/19,292,0.986680397,0.724332143,0.088696629,5644.92814,2260.450932
2022/10/20,293,0.986830818,0.724349062,0.088696629,5668.073322,2231.014687
2022/10/21,294,0.987023173,0.724340157,0.08796265,5680.94916,2212.187003
2022/10/22,295,0.987380294,0.71515864,0.089429289,5689.465541,2196.234296
2022/10/23,296,0.987481691,0.715172908,0.089348353,5695.997617,2189.515987
2022/10/24,297,0.9877418,0.715173105,0.089429289,5706.23267,2172.063489
2022/10/25,298,0.987819729,0.715164637,0.090160608,5713.546215,2156.642341
2022/10/26,299,0.987892947,0.71517558,0.087803297,5718.954962,2152.330091
2022/10/27,300,0.987663973,0.71515877,0.090726554,5723.906751,2140.45562
2022/10/28,301,0.987560461,0.715162024,0.088616297,5721.985231,2142.439968
2022/10/29,302,0.988160408,0.724323885,0.089348353,5720.782149,2143.984383
2022/10/30,303,0.98778175,0.715171301,0.087803297,5731.034748,2121.328732
2022/10/31,304,0.988024364,0.724347053,0.088696629,5729.59597,2131.143589
2022/11/1,305,0.988164597,0.715159528,0.088616297,5732.159233,2119.691357
2022/11/2,306,0.988373071,0.715174736,0.086333714,5736.988335,2114.191561
2022/11/3,307,0.977325235,0.715202713,0.088696629,5747.818288,
2022/11/4,308,0.97082796,0.715202556,0.090242282,5683.124546,2284.85551
2022/11/5,309,0.977097082,0.724370897,0.091137819,5554.14682,2347.259818
2022/11/6,310,0.970209265,0.715170739,0.092513658,5563.491675,2284.761326
2022/11/7,311,0.969203378,0.724385754,0.092681259,5555.116492,2357.822358
2022/11/8,312,0.978541859,0.715156989,0.089510359,5522.475481,2369.86874
2022/11/9,313,0.979749537,0.724335609,0.090160608,5563.555662,2256.326736
2022/11/10,314,0.97728826,0.706012356,0.087227337,5648.748703,2189.453803
2022/11/11,315,0.968606363,0.724367584,0.091220528,5664.172052,2178.501681
2022/11/12,316,0.968740741,0.715153347,0.092034996,5528.288626,2379.665344
2022/11/13,317,0.968951126,0.724349439,0.092765279,5496.256704,2369.228099
2022/11/14,318,0.968455635,0.715192086,0.092681259,5507.773598,2352.744238
2022/11/15,319,0.969175207,0.733510273,0.091951549,5511.789166,2361.025606
2022/11/16,320,0.976862767,0.724332474,0.091868266,5471.179219,2429.929888
2022/11/17,321,0.979306032,0.724380789,0.090324089,5566.871776,2266.998439
2022/11/18,322,0.978446643,0.724355226,0.091785125,5497.490646,2506.022565
2022/11/19,323,0.980349051,0.733541868,0.091951549,5576.551712,2443.523456
2022/11/20,324,0.986755084,0.724339807,0.090242282,5545.082933,2480.629367
2022/11/21,325,0.987044514,0.724356474,0.090406053,5637.084624,2316.122007
2022/11/22,326,0.971939824,0.724376482,0.091868266,5656.167027,2288.826072
2022/11/23,327,0.971538116,0.724385511,0.094221897,5592.055614,2426.805063
2022/11/24,328,0.971117844,0.724377966,0.093494251,5506.301764,2489.553123
2022/11/25,329,0.970586493,0.724367494,0.092765279,5516.271112,2450.742071
2022/11/26,330,0.969360489,0.733543036,0.092765279,5503.083695,2461.070239
2022/11/27,331,0.977940878,0.724328691,0.091785125,5477.256136,2518.365763
2022/11/28,332,0.978753155,0.724351807,0.090324089,5588.744455,
2022/11/29,333,0.978914103,0.724335382,0.090972871,5621.994766,2345.059102
2022/11/30,334,0.9790748,0.715176376,0.090242282,5612.308481,2301.028547
2022/12/1,335,0.979330119,0.715168943,0.091055274,5617.840262,2282.404487
2022/12/2,336,0.979368234,0.715146439,0.088696629,5625.653439,2265.592498
2022/12/3,337,0.979376896,0.715163169,0.089510359,5633.200943,2253.436681
2022/12/4,338,0.979383483,0.715155404,0.089429289,5639.342341,2239.296539
2022/12/5,339,0.979277319,0.715181312,0.088616297,5638.655286,2240.155929
2022/12/6,340,0.979143252,0.715172284,0.090160608,5641.327546,2234.250165
2022/12/7,341,0.9790367,0.715163293,0.089510359,5639.187026,2232.578377
2022/12/8,342,0.978943562,0.715158777,0.089429289,5639.593738,2228.328298
2022/12/9,343,0.978930115,0.715167934,0.088696629,5638.109368,2226.79725
2022/12/10,344,0.978937255,0.715148142,0.089429289,5640.547592,2220.875882
2022/12/11,345,0.97899619,0.715157036,0.089429289,5644.126387,2205.782449
2022/12/12,346,0.978817554,0.715145255,0.089510359,5645.657789,2210.438777
2022/12/13,347,0.977291419,0.705985971,0.089267567,5647.298977,2205.298439
2022/12/14,348,0.961762213,0.715168883,0.092681259,5646.299119,2203.829816
2022/12/15,349,0.96142692,0.715184326,0.092681259,5522.38301,2397.680844
2022/12/16,350,0.961005702,0.715194629,0.092681259,5449.600686,2444.710993
2022/12/17,351,0.960264238,0.715199484,0.092118591,5440.320189,2455.835879
2022/12/18,352,0.960710387,0.724361637,0.094221897,5428.882267,2467.491712
2022/12/19,353,0.96962631,0.715173431,0.090242282,5493.823433,0
2022/12/20,354,0.961611364,0.706025351,0.091702133,5558.418903,2341.697785
2022/12/21,355,0.953606748,0.715208477,0.094307251,5557.795303,2241.889342
2022/12/22,356,0.959384479,0.715209768,0.091220528,5420.72692,2491.585221
2022/12/23,357,0.953026867,0.715199324,0.092849463,5392.726362,2487.74137
2022/12/24,358,0.953426698,0.71518892,0.092765279,5384.351355,2510.600261
2022/12/25,359,0.960378566,0.715192443,0.093409643,5379.320218,2500.194416
2022/12/26,360,0.961830571,0.715189331,0.091137819,5372.023645,2560.631126
2022/12/27,361,0.967912621,0.715170392,0.091137819,5478.415682,2354.965285
2022/12/28,362,0.952611013,0.715196449,0.092765279,5497.809704,2327.388072
2022/12/29,363,0.951880437,0.715185835,0.094136707,5447.370448,2462.367149
2022/12/30,364,0.951410657,0.706026762,0.094307251,5344.507363,2559.427285
2022/12/31,365,0.951059894,0.706041798,0.094392747,5359.507637,2508.537725
2023/1/1,366,0.950937073,0.715192783,0.093494251,5330.398107,2556.599288
2023/1/2,367,0.959742465,0.715194051,0.092681259,5337.383019,2525.881231
2023/1/3,368,0.960482103,0.715177744,0.092681259,5379.290062,2443.728503
2023/1/4,369,0.960018033,0.715201736,0.094221897,5454.84063,2378.980676
2023/1/5,370,0.959607302,0.715206396,0.094948232,5355.117848,2642.629716
2023/1/6,371,0.952568816,0.715206831,0.094307251,5389.991461,2559.177895
2023/1/7,372,0.961448515,0.724366553,0.093409643,5366.710577,2572.270956
2023/1/8,373,0.962310689,0.715177548,0.091951549,5393.289774,2462.946731
2023/1/9,374,0.959511527,0.706046503,0.093325183,5469.589484,2399.088994
2023/1/10,375,0.951363409,0.715205937,0.093494251,5487.590124,2326.66829
2023/1/11,376,0.951618452,0.706050895,0.092765279,5348.820117,2577.051796
2023/1/12,377,0.951224782,0.70604773,0.093409643,5333.819844,2555.677606
2023/1/13,378,0.95068317,0.715208057,0.094478399,5328.523154,2567.333729
2023/1/14,379,0.952215207,0.715202647,0.094392747,5320.022945,2578.02056
2023/1/15,380,0.95931592,0.71517735,0.092681259,5299.663639,2627.957408
2023/1/16,381,0.959516552,0.715172696,0.091137819,5401.994541,2452.056059
2023/1/17,382,0.959697456,0.706017046,0.091220528,5430.245201,2421.228973
2023/1/18,383,0.959789307,0.705991449,0.093325183,5439.167955,2407.666982
2023/1/19,384,0.960019062,0.705998811,0.091137819,5445.868923,2395.683127
2023/1/20,385,0.960456268,0.715155205,0.091702133,5451.137828,2387.136433
2023/1/21,386,0.960853368,0.715171932,0.091137819,5473.77932,2344.500763
2023/1/22,387,0.961047228,0.705990266,0.091055274,5483.107691,2327.747447
2023/1/23,388,0.961104367,0.705993429,0.089510359,5488.623906,2327.669745
2023/1/24,389,0.961220993,0.705992025,0.092681259,5496.155778,2314.920017
2023/1/25,390,0.961359543,0.706010086,0.091055274,5501.843772,2304.10799
2023/1/26,391,0.961331998,0.705975552,0.089429289,5502.969105,2300.201959
2023/1/27,392,0.961424893,0.705987323,0.089591585,5506.047676,2301.358338
2023/1/28,393,0.961548138,0.705983576,0.090324089,5508.54792,2295.67077
2023/1/29,394,0.96175209,0.706010387,0.090324089,5513.455009,2283.530913
2023/1/30,395,0.96156709,0.705990814,0.091137819,5516.674615,2278.718817
2023/1/31,396,0.961566929,0.705984829,0.090324089,5520.111903,2274.59394
2023/2/1,397,0.950735663,0.706020456,0.092849463,5521.76844,2263.062918
2023/2/2,398,0.944043769,0.70601276,0.093494251,5455.345605,2397.337608
2023/2/3,399,0.943427581,0.715199401,0.094392747,5330.946259,2515.303656
2023/2/4,400,0.943010942,0.706032847,0.094221897,5307.258865,2539.847291
2023/2/5,401,0.942153668,0.706044882,0.095206477,5299.180912,2540.475033
2023/2/6,402,0.95100941,0.705983836,0.094307251,5286.071685,2555.568394
2023/2/7,403,0.95231964,0.706002081,0.091220528,5280.884255,2546.570748
2023/2/8,404,0.952035449,0.706003952,0.092597388,5399.842691,2398.043387
2023/2/9,405,0.941989486,0.706025044,0.095120244,5423.531531,2378.684783
2023/2/10,406,0.942418862,0.715194206,0.094392747,5333.119425,2531.537857
2023/2/11,407,0.942176394,0.70599743,0.095846415,5264.353023,2571.161982
2023/2/12,408,0.941753879,0.706020618,0.092849463,5293.900853,2528.600237
2023/2/13,409,0.935237477,0.706004227,0.096020207,5276.416154,2563.724796
2023/2/14,410,0.950263813,0.705979622,0.092681259,5244.416305,2611.645785
2023/2/15,411,0.95113551,0.696838853,0.092765279,5302.826032,2466.572889
2023/2/16,412,0.942659943,0.70601504,0.094392747,5385.859893,2407.668719
2023/2/17,413,0.935239135,0.706025649,0.095206477,5408.079747,2343.465575
2023/2/18,414,0.935252663,0.706026919,0.092849463,5265.729587,2574.630693
2023/2/19,415,0.941400019,0.696785046,0.094307251,5261.604189,2544.178384
2023/2/20,416,0.941143548,0.705967941,0.09503416,5255.588911,2545.709749
2023/2/21,417,0.942526383,0.705919378,0.094392747,5255.480164,2567.510299
2023/2/22,418,0.949906029,0.70585972,0.093325183,5246.104163,2622.115038
2023/2/23,419,0.943629336,0.696814839,0.094948232,5349.969181,2437.308735
2023/2/24,420,0.94301528,0.705987594,0.095846415,5247.838293,2703.269395
2023/2/25,421,0.942952719,0.696822704,0.094392747,5276.477795,2633.285883
2023/2/26,422,0.941579516,0.705999568,0.095206477,5335.762692,2413.369268
2023/2/27,423,0.935238789,0.70601765,0.096658677,5241.150076,2642.644936
2023/2/28,424,0.935219971,0.715171655,0.096107341,5215.228018,2668.159767
2023/3/1,425,0.935213209,0.705990459,0.094478399,5208.790502,2662.269388
2023/3/2,426,0.935096464,0.70599947,0.095933236,5218.413359,2646.238277
2023/3/3,427,0.934114775,0.705997823,0.096746229,5222.0565,2636.113812
2023/3/4,428,0.941844834,0.715134989,0.096658677,5214.821959,2637.254426
2023/3/5,429,0.943132845,0.7059611,0.092849463,5181.837649,2720.784897
2023/3/6,430,0.943719532,0.705977553,0.093579009,5296.465717,2531.961419
2023/3/7,431,0.944014512,0.70594907,0.093579009,5322.044498,2502.978069
2023/3/8,432,0.944155571,0.705965923,0.094221897,5332.71724,2486.603634
2023/3/9,433,0.94423203,0.705958532,0.093409643,5339.358391,2477.26033
2023/3/10,434,0.949780383,0.705952564,0.092681259,5346.437045,2464.963844
2023/3/11,435,0.935226369,0.687669583,0.089019455,5351.812717,2451.386221
2023/3/12,436,0.935196297,0.687640952,0.092681259,5312.672216,
2023/3/13,437,0.943362952,0.696786738,0.092597388,180.403819,2116.771388
2023/3/14,438,0.949679648,0.696805181,0.091951549,5339.437873,2300.582606
2023/3/15,439,0.943235228,0.687642686,0.091868266,5340.048152,2312.802818
2023/3/16,440,0.941061445,0.696822367,0.094307251,5381.395677,2321.037627
2023/3/17,441,0.941472151,0.696813477,0.091951549,5391.81753,2322.428313
2023/3/18,442,0.94230571,0.696813616,0.092681259,5317.796448,2442.455239
2023/3/19,443,0.943116903,0.687610798,0.092597388,5284.827401,2455.439419
2023/3/20,444,0.943340726,0.687625871,0.093409643,5319.015408,2413.940675
2023/3/21,445,0.950448353,0.705947864,0.091785125,5347.37641,2389.207047
2023/3/22,446,0.950726988,0.696783113,0.091868266,5353.673545,2385.113636
2023/3/23,447,0.94307147,0.696810812,0.091951549,5381.38132,2336.491692
2023/3/24,448,0.941618952,0.696804473,0.093409643,5414.75761,2324.274163
2023/3/25,449,0.942048838,0.696804408,0.093579009,5422.571349,2288.787598
2023/3/26,450,0.942052718,0.696786679,0.093494251,5324.281819,2439.549536
2023/3/27,451,0.941671533,0.696791188,0.093240887,5306.718805,2451.330677
2023/3/28,452,0.943422842,0.705966053,0.091220528,5334.392549,2410.41025
2023/3/29,453,0.949620419,0.696785974,0.091137819,5331.080659,2402.971023
2023/3/30,454,0.949749107,0.696775749,0.092765279,5310.829985,2444.300438
2023/3/31,455,0.935157342,0.687618516,0.093494251,5377.571082,2364.461192
2023/4/1,456,0.935177594,0.687640868,0.092933796,5390.088338,2351.21166
2023/4/2,457,0.935138111,0.68761701,0.092765279,5342.663137,2448.581284
2023/4/3,458,0.934936563,0.687625632,0.09503416,5285.282551,2460.424789
2023/4/4,459,0.933928216,0.696792572,0.094307251,5288.552034,2455.175114
2023/4/5,460,0.941897125,0.705940301,0.093409643,5280.78344,2462.971822
2023/4/6,461,0.942625691,0.696767972,0.093494251,5277.939596,2471.362029
2023/4/7,462,0.941615487,0.687626971,0.094136707,5278.1273,2454.021297
2023/4/8,463,0.933477301,0.696801581,0.094221897,5345.665629,2392.085663
2023/4/9,464,0.933880341,0.687629134,0.092034996,5357.22918,2383.523884
2023/4/10,465,0.933643007,0.687630618,0.094392747,5290.174612,2473.346496
2023/4/11,466,0.934776206,0.696791326,0.094221897,5257.017455,2483.112186
2023/4/12,467,0.933820775,0.687622907,0.093409643,5270.018288,2464.33139
2023/4/13,468,0.941697367,0.696783282,0.093325183,5269.174753,2461.066399
2023/4/14,469,0.94206963,0.696769932,0.092034996,5279.957093,2468.581527
2023/4/15,470,0.942190072,0.696775937,0.093409643,5308.570709,2391.945511
2023/4/16,471,0.942381078,0.696780593,0.092513658,5349.588914,2376.243003
2023/4/17,472,0.942455767,0.696779194,0.091868266,5360.746217,2355.368577
2023/4/18,473,0.942709715,0.687591057,0.091868266,5369.074872,2345.321941
2023/4/19,474,0.94314998,0.687603501,0.090406053,5369.575482,2344.24397
2023/4/20,475,0.943427423,0.687600852,0.091951549,5374.591762,2336.416219
2023/4/21,476,0.943393931,0.687601734,0.090324089,5393.077181,2301.136174
2023/4/22,477,0.943391268,0.687599407,0.091055274,5399.062727,2298.683277
2023/4/23,478,0.943347482,0.687616089,0.091785125,5402.516224,2294.15231
2023/4/24,479,0.94322415,0.687609784,0.090324089,5403.813287,2290.55868
2023/4/25,480,0.943099205,0.68761132,0.091868266,5405.78228,2279.355834
2023/4/26,481,0.943284415,0.687614682,0.092597388,5402.985791,2276.996371
2023/4/27,482,0.94323215,0.687602685,0.091137819,5402.89214,2283.465048
2023/4/28,483,0.943089487,0.687607181,0.091055274,5403.751625,2275.277856
2023/4/29,484,0.942932534,0.68760397,0.093240887,5405.533389,2273.840782
2023/4/30,485,0.94140137,0.678492946,0.091137819,5407.127733,2274.184738
2023/5/1,486,0.935202479,0.6876504,0.092681259,5405.284396,2271.76298
2023/5/2,487,0.941896943,0.696807319,0.093579009,5272.723181,2556.159068
2023/5/3,488,0.94297498,0.696801188,0.091785125,5318.957577,2409.067498
2023/5/4,489,0.942970857,0.696807796,0.091785125,5281.550295,2462.582362
2023/5/5,490,0.93345585,0.68765468,0.092118591,5356.965041,2350.384561
2023/5/6,491,0.932946953,0.687656469,0.093494251,5374.31039,2329.713659
2023/5/7,492,0.93376567,0.68763233,0.095673256,5332.417224,2408.755081
2023/5/8,493,0.933378496,0.687620327,0.095759757,5263.268998,2438.191526
2023/5/9,494,0.93237844,0.687639775,0.092034996,5268.848622,2416.55201
2023/5/10,495,0.940729116,0.687636111,0.092849463,5288.70906,2398.302738
2023/5/11,496,0.940940395,0.687633885,0.093409643,5274.506069,2405.880466
2023/5/12,497,0.940730466,0.687607892,0.090488173,5264.91249,2404.680108
2023/5/13,498,0.926033499,0.678486938,0.092681259,5337.48276,2339.932477
2023/5/14,499,0.926015567,0.678471965,0.094221897,5347.593988,2322.464429
2023/5/15,500,0.931931226,0.687615253,0.092034996,5238.990087,2436.833069
2023/5/16,501,0.92541156,0.678493987,0.093494251,5252.30327,
2023/5/17,502,0.933402923,0.687665317,0.091951549,5283.084764,2464.067598
2023/5/18,503,0.934030876,0.687656351,0.091220528,5252.007051,2427.536779
2023/5/19,504,0.933589455,0.687655223,0.091951549,5248.272479,2413.899052
2023/5/20,505,0.924312573,0.687700117,0.093494251,5313.031312,2356.448275
2023/5/21,506,0.923625668,0.68761416,0.093579009,5262.367741,2434.73965
2023/5/22,507,0.923992229,0.678458437,0.093494251,5197.504864,0
2023/5/23,508,0.923293155,0.68762302,0.092765279,5239.037596,2508.082529
2023/5/24,509,0.93171173,0.687618423,0.093494251,5206.05272,2449.504816
2023/5/25,510,0.93216957,0.67844158,0.093325183,5200.24053,2462.316509
2023/5/26,511,0.931988831,0.678456756,0.091137819,5195.427664,2450.195127
2023/5/27,512,0.916731899,0.678468616,0.092118591,5274.326775,2382.900296
2023/5/28,513,0.916801838,0.678470206,0.094221897,5289.703502,2363.979381
2023/5/29,514,0.916848643,0.678464245,0.093494251,5219.381493,2470.816269
2023/5/30,515,0.916862325,0.6876475,0.092681259,5152.020304,2504.42533
2023/5/31,516,0.91598528,0.678452087,0.094221897,5169.099064,2478.941262
2023/6/1,517,0.924504694,0.68760489,0.094221897,5178.818443,2465.504663
2023/6/2,518,0.92525129,0.67844407,0.092681259,5166.084244,2492.175463
2023/6/3,519,0.925354107,0.678446203,0.091868266,5192.930701,2412.695804
2023/6/4,520,0.925495261,0.678449033,0.091785125,5245.858151,2396.384608
2023/6/5,521,0.925683864,0.678465964,0.091868266,5258.609602,2383.494604
2023/6/6,522,0.925870632,0.678457098,0.091137819,5264.126098,2377.104505
2023/6/7,523,0.92600594,0.67845884,0.092681259,5268.876727,2367.948583
2023/6/8,524,0.925963661,0.67846186,0.092681259,5270.612004,2367.949264
2023/6/9,525,0.92598403,0.678441799,0.091868266,5279.316351,2350.028145
2023/6/10,526,0.925724861,0.678449828,0.093409643,5286.645467,2330.825413
2023/6/11,527,0.92556595,0.678434006,0.091785125,5282.708196,2343.012758
2023/6/12,528,0.92549148,0.678445277,0.091702133,5283.739768,2335.794361
2023/6/13,529,0.925361801,0.678460366,0.091951549,5283.380403,2334.731701
2023/6/14,530,0.92524723,0.678468025,0.092597388,5279.72399,2334.247174
2023/6/15,531,0.925260513,0.678446479,0.094221897,5275.989715,2341.294221
2023/6/16,532,0.925225008,0.678436198,0.091137819,5277.037025,2335.997616
2023/6/17,533,0.923758682,0.669318881,0.092681259,5279.006517,2328.154152
2023/6/18,534,0.916842671,0.669297655,0.092681259,5275.91312,2328.029274
2023/6/19,535,0.924577176,0.687630312,0.092849463,5172.507285,2539.67807
2023/6/20,536,0.925745195,0.678454,0.091951549,5208.538951,2428.130676
2023/6/21,537,0.925890449,0.678449435,0.092681259,5160.03818,2507.615877
2023/6/22,538,0.915382605,0.678448979,0.094392747,5261.001023,2352.323869
2023/6/23,539,0.914833753,0.678474439,0.093749009,5274.28471,2335.840326
2023/6/24,540,0.914611663,0.678473543,0.093579009,5221.062164,2436.349481
2023/6/25,541,0.914489836,0.67846312,0.095846415,5127.381666,2495.09782
2023/6/26,542,0.914132288,0.669289785,0.094478399,5135.648121,2467.895533
2023/6/27,543,0.916804984,0.678444705,0.093579009,5126.74218,2471.879916
2023/6/28,544,0.92314156,0.669282743,0.093494251,5128.476838,2457.86472
2023/6/29,545,0.923278037,0.669277291,0.094221897,5119.210708,2480.91428
2023/6/30,546,0.907600767,0.669287369,0.094307251,5226.84944,2364.965919
2023/7/1,547,0.907442423,0.669304049,0.09503416,5180.606394,0
2023/7/2,548,0.907092248,0.669276893,0.092933796,5142.008599,2552.457423
2023/7/3,549,0.906382202,0.66929335,0.093663931,5117.993252,2476.567872
2023/7/4,550,0.914661644,0.669277973,0.092765279,5108.821543,2475.974176
2023/7/5,551,0.915508014,0.678432752,0.092597388,5097.492977,2485.473523
2023/7/6,552,0.915873272,0.678413277,0.093409643,5074.960905,2543.693451
2023/7/7,553,0.905611264,0.660114648,0.094948232,5177.22059,2400.104464
2023/7/8,554,0.905195551,0.669297439,0.095206477,5197.737962,2367.308995
2023/7/9,555,0.905611363,0.669272437,0.093494251,5140.920231,2487.676984
2023/7/10,556,0.897127311,0.660123234,0.094307251,5047.475764,2543.956295
2023/7/11,557,0.888443093,0.669318095,0.096658677,5072.696521,2487.427984
2023/7/12,558,0.898472278,0.678438966,0.095120244,5072.712055,2452.754931
2023/7/13,559,0.906060858,0.669280411,0.093494251,4938.36386,2658.077534
2023/7/14,560,0.906701387,0.66926694,0.094948232,4907.1444,2686.096079
2023/7/15,561,0.887925397,0.660154452,0.096746229,5074.621699,2475.679428
2023/7/16,562,0.880209889,0.660155919,0.09537942,5100.608897,2461.071101
2023/7/17,563,0.880182248,0.660140502,0.097470932,5003.021731,2657.265341
2023/7/18,564,0.87102046,0.660137751,0.096921809,4860.222344,2728.763909
2023/7/19,565,0.888849729,0.669297671,0.093834236,4825.487852,
2023/7/20,566,0.896753288,0.669273526,0.094478399,4836.300015,2843.3245
2023/7/21,567,0.897520453,0.660089065,0.094307251,4778.722103,2900.26234
2023/7/22,568,0.89808943,0.669272693,0.093494251,4975.634438,2580.316924
2023/7/23,569,0.898478538,0.669283658,0.093494251,5019.355342,2534.054922
2023/7/24,570,0.898513886,0.669306197,0.092765279,5041.544385,2500.989412
2023/7/25,571,0.905019072,0.66011427,0.093409643,5052.155148,2493.537068
2023/7/26,572,0.905106477,0.660109595,0.093409643,5064.093426,2469.446026
2023/7/27,573,0.905174203,0.660114732,0.091951549,5078.455085,2444.650483
2023/7/28,574,0.898502751,0.660126736,0.091951549,5093.0809,2423.807586
2023/7/29,575,0.898452792,0.669309888,0.094221897,5099.206718,2412.401576
2023/7/30,576,0.898284634,0.66929021,0.094221897,5091.316869,2424.617329
2023/7/31,577,0.898083429,0.669300404,0.092681259,5077.534947,2434.401339
2023/8/1,578,0.897924986,0.669291618,0.092765279,5073.519516,2438.151307
2023/8/2,579,0.898002115,0.669280832,0.094221897,5071.066198,2439.00864
2023/8/3,580,0.897964368,0.660114515,0.093409643,5066.831904,2439.729079
2023/8/4,581,0.880180164,0.650948962,0.094392747,5070.988864,2430.72971
2023/8/5,582,0.879186054,0.650968026,0.097382799,5072.957926,2426.073679
2023/8/6,583,0.888618437,0.669314542,0.095206477,4870.25396,2833.919177
2023/8/7,584,0.896154079,0.669275263,0.094307251,4865.847697,2694.201662
2023/8/8,585,0.87103868,0.650980184,0.096020207,4973.370962,2520.162333
2023/8/9,586,0.870836663,0.650980355,0.098916419,5009.279023,2481.647915
2023/8/10,587,0.870452267,0.650971297,0.096921809,4931.573955,2646.156523
2023/8/11,588,0.869925105,0.650975529,0.098283187,4777.207872,2743.935627
2023/8/12,589,0.861873389,0.650986151,0.096746229,4764.661475,2736.513963
2023/8/13,590,0.878240145,0.660122076,0.096746229,4750.083264,2756.826114
2023/8/14,591,0.880122447,0.6600964,0.095206477,4739.25519,2747.575999
2023/8/15,592,0.880173568,0.650947965,0.095846415,4688.364006,2876.169372
2023/8/16,593,0.861841504,0.650961942,0.097559221,4864.698633,2612.801231
2023/8/17,594,0.861074716,0.650979868,0.096833937,4901.356479,2583.146086
2023/8/18,595,0.860859299,0.650977108,0.097647667,4835.213164,2720.670451
2023/8/19,596,0.87113554,0.641885181,0.096020207,4686.051199,2822.964874
2023/8/20,597,0.870047408,0.641856195,0.097559221,4665.864075,2825.589907
2023/8/21,598,0.861943263,0.651047306,0.098372214,4648.738849,925.9287965
2023/8/22,599,0.861925381,0.651030645,0.097647667,0,1580.015006
2023/8/23,600,0.878110305,0.650976168,0.096746229,4822.418223,2530.230377
2023/8/24,601,0.879010113,0.660122341,0.095206477,4748.388194,2647.102583
2023/8/25,602,0.87073638,0.641828456,0.095846415,4699.622639,2743.30366
2023/8/26,603,0.860976484,0.650996774,0.099095449,4762.314346,2600.903396
2023/8/27,604,0.860883673,0.650989491,0.099275127,4857.673835,2550.139572
2023/8/28,605,0.852695362,0.641811172,0.100719959,4877.720831,2550.045346
2023/8/29,606,0.8527092,0.641829629,0.099185206,4717.109784,2778.271433
2023/8/30,607,0.852093724,0.651005148,0.099998206,4651.436822,2829.77029
2023/8/31,608,0.861849275,0.660139223,0.098461397,4655.265071,2815.849211
2023/9/1,609,0.869315687,0.650956196,0.096020207,4616.796751,2851.582676
2023/9/2,610,0.861748805,0.632645842,0.097470932,4593.361561,2873.660214
2023/9/3,611,0.851697238,0.641797614,0.099998206,4641.128324,2765.040403
2023/9/4,612,0.851513311,0.641814726,0.099185206,4751.580724,2687.089488
2023/9/5,613,0.843503141,0.641808374,0.099998206,4786.240455,2643.795864
2023/9/6,614,0.843338988,0.641800626,0.100811198,4657.122464,2810.224222
2023/9/7,615,0.842738888,0.632637957,0.102344476,4569.562822,2905.565649
2023/9/8,616,0.852497391,0.641773801,0.097559221,4575.094165,2862.113357
2023/9/9,617,0.859963902,0.650937728,0.097559221,4532.938499,2905.7216
2023/9/10,618,0.852646566,0.64176671,0.097559221,4521.030634,2915.362173
2023/9/11,619,0.842570838,0.641818929,0.099275127,4553.048895,2843.741027
2023/9/12,620,0.842980639,0.632623374,0.098461397,4670.815636,2733.259542
2023/9/13,621,0.843083981,0.632620094,0.098461397,4700.425534,2703.932679
2023/9/14,622,0.842904806,0.632640103,0.097470932,4581.891212,2914.799956
2023/9/15,623,0.83434919,0.632635967,0.096921809,4531.704755,2886.72256
2023/9/16,624,0.851452392,0.641793994,0.096833937,4566.705058,2811.521612
2023/9/17,625,0.852213383,0.641789987,0.095206477,4565.564313,2820.927855
2023/9/18,626,0.852624786,0.641786357,0.095206477,4561.754433,2806.850077
2023/9/19,627,0.842355763,0.632631218,0.097470932,4546.095966,2819.070421
2023/9/20,628,0.83433368,0.632637252,0.098283187,4666.02029,2699.103849
2023/9/21,629,0.834330313,0.632620186,0.098283187,4685.429174,2680.499549
2023/9/22,630,0.834340086,0.632639023,0.097559221,4639.535417,2781.022301
2023/9/23,631,0.834323433,0.623463159,0.099095449,4544.765099,2810.458984
2023/9/24,632,0.843139516,0.632618427,0.095933236,4557.892597,2782.193846
2023/9/25,633,0.843484782,0.632609237,0.096020207,4553.207698,2782.0376
2023/9/26,634,0.84348688,0.632617271,0.096020207,4542.941498,2772.037398
2023/9/27,635,0.850904967,0.63261893,0.095206477,4505.095762,2874.255232
2023/9/28,636,0.8508599,0.632613196,0.095206477,4626.398208,2695.090726
2023/9/29,637,0.843475027,0.632600901,0.095206477,4650.930302,2666.482486
2023/9/30,638,0.84348135,0.63260879,0.096658677,4658.649626,2655.529918
2023/10/1,639,0.850857581,0.632605611,0.095846415,4662.136024,2655.655086
2023/10/2,640,0.850969462,0.63261955,0.094478399,4663.540919,2648.30962
2023/10/3,641,0.850934091,0.632624069,0.095759757,4666.072314,2636.70257
2023/10/4,642,0.850851177,0.632599971,0.095759757,4664.822666,2637.733863
2023/10/5,643,0.85074096,0.632604279,0.095120244,4679.66711,2611.813207
2023/10/6,644,0.843461934,0.632595795,0.095206477,4686.651042,2599.377738
2023/10/7,645,0.843457097,0.632594997,0.094392747,4683.011345,2601.782434
2023/10/8,646,0.843528095,0.614313875,0.095206477,4684.277036,2590.470168
2023/10/9,647,0.842338543,0.62346948,0.096020207,4681.41653,2588.970029
2023/10/10,648,0.834361303,0.632649552,0.096020207,4677.337581,2584.079643
2023/10/11,649,0.843506531,0.632623504,0.096571274,4545.114001,2858.365664
2023/10/12,650,0.843515772,0.632632633,0.095120244,4630.627859,2694.60319
2023/10/13,651,0.834349634,0.623466727,0.096658677,4549.238082,2741.086134
2023/10/14,652,0.825193425,0.623484719,0.098372214,4609.225662,2632.812658
2023/10/15,653,0.825166333,0.623465163,0.098283187,4656.38333,2605.342681
2023/10/16,654,0.825183968,0.614308976,0.098283187,4654.712546,2559.375113
2023/10/17,655,0.824626571,0.614313691,0.098550744,4516.818525,2752.945888
2023/10/18,656,0.824324824,0.623481718,0.098461397,4474.864364,2780.366772
2023/10/19,657,0.833414942,0.623453731,0.095933236,4471.849342,2782.49153
2023/10/20,658,0.833890155,0.623458471,0.096746229,4451.396343,2781.491812
2023/10/21,659,0.816063252,0.605169874,0.097736277,4471.39748,2721.323844
2023/10/22,660,0.816062995,0.614336214,0.097736277,4548.665512,2689.371957
2023/10/23,661,0.816024512,0.605141714,0.098372214,4559.260061,0
2023/10/24,662,0.815979844,0.614321254,0.098372214,4551.649559,2888.756132
2023/10/25,663,0.815619467,0.614304679,0.099005848,4395.022048,2886.114336
2023/10/26,664,0.816033996,0.623485947,0.099275127,4394.412527,2841.896814
2023/10/27,665,0.824731306,0.623468845,0.096020207,4406.615512,2827.24075
2023/10/28,666,0.825024867,0.614285039,0.097470932,4384.037831,2844.240318
2023/10/29,667,0.815490498,0.605147289,0.098194323,4373.11607,2849.583722
2023/10/30,668,0.806871998,0.605151328,0.099185206,4454.306055,2756.604334
2023/10/31,669,0.806867523,0.60515742,0.098283187,4491.931235,2728.401919
2023/11/1,670,0.806846583,0.605127295,0.096833937,4503.259861,2653.368713
2023/11/2,671,0.806775435,0.605149958,0.097559221,4356.913874,2859.923901
2023/11/3,672,0.797704178,0.605165107,0.098461397,4310.147598,2890.551479
2023/11/4,673,0.815505796,0.614307928,0.097559221,4338.835656,2848.31831
2023/11/5,674,0.816018475,0.61431285,0.098283187,4337.1641,2849.458916
2023/11/6,675,0.816022903,0.61431729,0.097559221,4308.523451,2880.457854
2023/11/7,676,0.797707,0.595995578,0.098550744,4318.820461,2830.148945
2023/11/8,677,0.797709466,0.595984474,0.099907704,4420.213121,2766.963511
2023/11/9,678,0.79771649,0.595991202,0.097559221,4441.276111,2738.370515
2023/11/10,679,0.797716226,0.595994556,0.098372214,4381.273276,2854.583801
2023/11/11,680,0.797713328,0.586821567,0.099095449,4273.835786,2898.035313
2023/11/12,681,0.806568173,0.614325639,0.098461397,4307.799455,2846.708924
2023/11/13,682,0.806837502,0.605123742,0.098283187,4296.96143,2846.222906
2023/11/14,683,0.806855408,0.605136712,0.097647667,4258.993001,2914.223472
2023/11/15,684,0.806849505,0.614296462,0.097470932,4369.869995,
2023/11/16,685,0.814584547,0.614286966,0.096746229,4429.635372,2857.585025
2023/11/17,686,0.814615255,0.61428651,0.098283187,4396.949248,2754.667393
2023/11/18,687,0.814702654,0.605122543,0.096107341,4404.65278,2732.965089
2023/11/19,688,0.814726292,0.605119106,0.096746229,4410.231177,2718.840658
2023/11/20,689,0.814776812,0.605128734,0.096107341,4416.434428,2704.229998
2023/11/21,690,0.814736129,0.605128229,0.098194323,4424.059854,2690.93532
2023/11/22,691,0.814732756,0.605116778,0.096746229,4429.731988,2681.20145
2023/11/23,692,0.814719494,0.6051181,0.097470932,4436.419708,2669.356284
2023/11/24,693,0.814884403,0.605195025,0.095933236,4440.965518,2654.389797
2023/11/25,694,0.806858084,0.586809073,0.099817373,4440.6863,2653.110815
2023/11/26,695,0.79767649,0.595964997,0.099185206,4446.530477,2638.390704
2023/11/27,696,0.788522003,0.586800023,0.100179687,4450.608991,2627.828878
2023/11/28,697,0.805741341,0.605126196,0.099095449,4252.817715,3061.028211
2023/11/29,698,0.806009296,0.595969008,0.099095449,4319.769515,2891.783844
2023/11/30,699,0.797648459,0.577638553,0.097647667,4231.239951,2904.376855
2023/12/1,700,0.788240227,0.586815065,0.09791398,4260.991114,2784.740935
2023/12/2,701,0.788155301,0.58680155,0.099275127,4329.385096,2747.994157
2023/12/3,702,0.779337552,0.586798569,0.099185206,4347.167072,2726.604384
2023/12/4,703,0.779333202,0.586797176,0.098550744,4229.834586,2848.284604
2023/12/5,704,0.779337596,0.586795537,0.099907704,4176.429101,2847.941003
2023/12/6,705,0.788499039,0.586791794,0.099907704,4174.194403,2866.065682
2023/12/7,706,0.78847215,0.595944881,0.098372214,4179.82022,2834.098057
2023/12/8,707,0.788488893,0.595961568,0.099185206,4177.132652,2831.051029
2023/12/9,708,0.779336042,0.577621359,0.099185206,4158.08586,2884.582507
2023/12/10,709,0.778755926,0.577615041,0.099907704,4243.496668,2772.118579
2023/12/11,710,0.778711119,0.577633774,0.099998206,4257.731454,2758.822663
2023/12/12,711,0.778707206,0.577620343,0.099275127,4241.669691,2797.537711
2023/12/13,712,0.770160705,0.57762312,0.101532221,4126.962321,2875.550631
2023/12/14,713,0.770164098,0.577623461,0.100088857,4119.431254,2861.582245
2023/12/15,714,0.77930697,0.586766158,0.101532221,4125.650716,2847.208087
2023/12/16,715,0.779285727,0.586747928,0.10062889,4130.13587,2826.927682
2023/12/17,716,0.779316419,0.586781624,0.099185206,4115.32359,2851.599002
2023/12/18,717,0.769771055,0.568461386,0.099365212,4133.231651,2789.477957
2023/12/19,718,0.761010573,0.56846354,0.101624191,4195.576701,2779.384913
2023/12/20,719,0.761001747,0.577624706,0.100179687,4197.954957,2770.448108
2023/12/21,720,0.761004676,0.568462633,0.100811198,4132.13807,2892.80171
2023/12/22,721,0.760987874,0.568447209,0.102344476,4036.760922,2908.75245
2023/12/23,722,0.769584771,0.577623384,0.101532221,4034.604637,2895.565643
2023/12/24,723,0.778037045,0.577616684,0.098372214,4036.558303,2903.985819
2023/12/25,724,0.778266291,0.577614257,0.099185206,4016.777124,2909.64357
2023/12/26,725,0.769970097,0.559274008,0.099185206,4005.527185,2912.800039
2023/12/27,726,0.760973244,0.568441527,0.100719959,4101.984343,2788.244275
2023/12/28,727,0.760962966,0.559258706,0.099907704,4151.250525,2767.370196
2023/12/29,728,0.769162663,0.568443828,0.100088857,4166.59471,2745.058559
2023/12/30,729,0.760970777,0.568433002,0.098372214,4083.154972,2807.320372
2023/12/31,730,0.760969373,0.56843317,0.098640256,4047.29557,2841.444204
2024/1/1,731,0.770136637,0.577600228,0.099185206,4051.811879,2812.570735
2024/1/2,732,0.770137953,0.577604713,0.098372214,4079.483778,2791.368278
2024/1/3,733,0.777751059,0.577603557,0.099185206,4074.624705,2786.040208
2024/1/4,734,0.777819743,0.577602151,0.098372214,4062.140472,2812.41495
2024/1/5,735,0.777811243,0.577582658,0.096921809,4150.252623,2719.497588
2024/1/6,736,0.777607873,0.568437292,0.097559221,4170.316442,2686.671232
2024/1/7,737,0.7777364,0.568420132,0.097647667,4176.285858,2683.655853
2024/1/8,738,0.777774671,0.568421704,0.096833937,4178.567264,
2024/1/9,739,0.777796836,0.56842062,0.097647667,4247.037955,2792.951167
2024/1/10,740,0.777692239,0.568426709,0.096020207,4180.505327,2681.13916
2024/1/11,741,0.777700702,0.568422279,0.099185206,4186.130996,2664.768562
2024/1/12,742,0.777764568,0.568488813,0.099095449,4188.569088,2655.798363
2024/1/13,743,0.787773964,0.568460629,0.096833937,4190.787845,2651.033044
2024/1/14,744,0.778604293,0.568436487,0.099095449,4187.538507,2641.877181
2024/1/15,745,0.770139145,0.568436341,0.099998206,4189.319694,2638.939871
2024/1/16,746,0.778692025,0.577588462,0.099185206,4130.985267,2754.089065
2024/1/17,747,0.778385657,0.577575094,0.098283187,4254.857531,2671.965282
2024/1/18,748,0.778089794,0.568422503,0.097647667,4167.030498,2695.498782
2024/1/19,749,0.760971601,0.559277659,0.099998206,4144.938361,2649.890497
2024/1/20,750,0.760276819,0.559275912,0.101624191,4206.630093,2619.720618
2024/1/21,751,0.751798519,0.559262448,0.100719959,4203.631674,2614.893246
2024/1/22,752,0.75182613,0.559277658,0.100719959,4163.739212,2690.197802
2024/1/23,753,0.751796546,0.550090728,0.100902587,4069.7832,2731.089144
2024/1/24,754,0.751648058,0.550104725,0.101624191,4026.533782,2744.867671
2024/1/25,755,0.760965072,0.568429929,0.100719959,4019.753149,2727.558481
2024/1/26,756,0.768628868,0.568428413,0.100902587,4011.878637,2748.761433
2024/1/27,757,0.76864718,0.559253192,0.101532221,3986.738042,2764.417097
2024/1/28,758,0.75180342,0.559274144,0.100179687,4026.334043,2652.188645
2024/1/29,759,0.742695971,0.550141271,0.101624191,4118.617797,2646.690164
2024/1/30,760,0.742697018,0.550145794,0.102530047,4128.32228,2635.37856
2024/1/31,761,0.742678883,0.540966931,0.102437183,4082.475675,2738.91907
2024/2/1,762,0.742692641,0.550144185,0.103250176,3980.020521,2765.683204
2024/2/2,763,0.742679294,0.540970095,0.102437183,3951.520872,2780.65162
2024/2/3,764,0.751830344,0.559290622,0.100719959,3948.005362,2770.058372
2024/2/4,765,0.759530773,0.559284717,0.100088857,3916.598755,2797.93247
2024/2/5,766,0.742691542,0.550138474,0.101624191,3974.414401,2683.985749
2024/2/6,767,0.733507779,0.540960869,0.103250176,4059.713462,0
2024/2/7,768,0.733492635,0.540945778,0.101901092,4150.837241,2778.610493
2024/2/8,769,0.788212009,0.559285369,0.099095449,4054.620462,2704.123675
2024/2/9,770,0.779221757,0.559279878,0.098461397,3944.38109,2761.698841
2024/2/10,771,0.742695454,0.531804384,0.103968993,3897.755437,2779.635783
2024/2/11,772,0.724359552,0.531812111,0.104781248,2251.129773,
2024/2/12,773,0.742652103,0.550117004,0.103874989,1818.915293,2516.641678
2024/2/13,774,0.742659144,0.540944478,0.101716317,4308.903287,2576.501658
2024/2/14,775,0.742644026,0.540941454,0.103156738,4116.895321,2835.346851
2024/2/15,776,0.715203652,0.522652343,0.103437558,3838.562704,2942.155229
2024/2/16,777,0.706024437,0.513471627,0.106598705,3817.956919,2790.711139
2024/2/17,778,0.69683253,0.513456307,0.106695436,3952.071997,2725.854689
2024/2/18,779,0.687659941,0.495108099,0.108030282,3874.382641,2892.422279
2024/2/19,780,0.678522222,0.495133879,0.109555647,3652.86181,2997.700673
2024/2/20,781,0.696815344,0.522612997,0.105161928,3569.159628,3025.449842
2024/2/21,782,0.696807595,0.522599927,0.10559351,3489.519991,3107.10457
2024/2/22,783,0.678508744,0.495118928,0.107315145,3423.239769,3111.088654
2024/2/23,784,0.669352601,0.485968734,0.109555647,3399.255621,3083.435312
2024/2/24,785,0.669345413,0.485962548,0.10894113,3597.054025,2903.113192
2024/2/25,786,0.660186002,0.476803802,0.110267483,3633.712877,2882.911586
2024/2/26,787,0.660178507,0.476799211,0.108842537,3674.728701,2829.689147
2024/2/27,788,0.651002877,0.476790141,0.109754123,3390.61562,3106.65119
2024/2/28,789,0.660169586,0.504292874,0.109853625,3335.084503,3118.479248
2024/2/29,790,0.678497421,0.513450813,0.106502153,3324.10056,3112.666588
2024/3/1,791,0.687305009,0.504263393,0.105784968,3271.179266,3125.635103
2024/3/2,792,0.651001405,0.467614662,0.107509904,3197.508586,3200.649134
2024/3/3,793,0.64182716,0.458444361,0.109754123,3349.821463,3014.999303
2024/3/4,794,0.641823975,0.458441725,0.108324371,3460.476826,
2024/3/5,795,0.64182671,0.458446081,0.109039895,3588.444534,3126.765382
2024/3/6,796,0.641833274,0.458451205,0.109754123,3458.291587,3036.996485
2024/3/7,797,0.632675491,0.440112486,0.109138846,3185.805826,3184.930559
2024/3/8,798,0.623512092,0.44929945,0.109953314,3139.65015,3174.993612
2024/3/9,799,0.623500031,0.440117877,0.110567115,3145.103359,3168.930971
2024/3/10,800,0.623472699,0.440096569,0.110667355,3115.244338,3191.868135
2024/3/11,801,0.623483258,0.430939265,0.112294815,3105.760101,3179.196195
2024/3/12,802,0.61431061,0.430931752,0.110053182,3033.01082,3238.382535
2024/3/13,803,0.614310939,0.430939287,0.1130061,2998.339646,3266.913346
2024/3/14,804,0.623491129,0.440111858,0.112193108,2976.93406,3262.335214
2024/3/15,805,0.623492595,0.449282895,0.109654799,2949.434283,3276.694384
2024/3/16,806,0.632635227,0.449260392,0.108128138,2931.075187,3292.162706
2024/3/17,807,0.632635399,0.440091064,0.109555647,2909.825474,3286.881631
2024/3/18,808,0.623461043,0.440094048,0.10874413,2923.137801,3247.648203
2024/3/19,809,0.623462833,0.440088044,0.108842537,2959.8249,3272.522955
2024/3/20,810,0.623462839,0.440086642,0.109039895,3078.588038,3087.605845
2024/3/21,811,0.632632214,0.44926337,0.108128138,3108.402611,3053.012583
2024/3/22,812,0.632641482,0.449271237,0.107315145,3078.918409,3074.730865
2024/3/23,813,0.632688181,0.44929981,0.108030282,3077.43413,3070.059222
2024/3/24,814,0.632703334,0.449307354,0.107509904,3079.181809,3055.965919
2024/3/25,815,0.63269733,0.449305925,0.108226165,3083.856079,3041.10692
2024/3/26,816,0.660159819,0.458444084,0.103437558,3094.230835,3029.310379
2024/3/27,817,0.641797907,0.467594063,0.105066501,3101.996549,3010.18579
2024/3/28,818,0.641805227,0.44925624,0.106598705,3105.809344,2988.498611
2024/3/29,819,0.632622547,0.449262102,0.106405765,3091.606987,3078.388688
2024/3/30,820,0.632638472,0.449268183,0.106598705,3367.681832,0
2024/3/31,821,0.623462801,0.44009252,0.105880968,3461.946372,3112.858158
2024/4/1,822,0.623482459,0.440106138,0.107509904,3253.399525,2970.843405
2024/4/2,823,0.623462901,0.440094105,0.108128138,3176.761281,2983.623806
2024/4/3,824,0.632640405,0.458439577,0.106598705,3138.621182,2989.920116
2024/4/4,825,0.623460269,0.449266998,0.106598705,3106.730449,2999.969162
2024/4/5,826,0.623461889,0.449262536,0.107315145,3086.121562,3000.076397
2024/4/6,827,0.623442284,0.449247493,0.106502153,3075.355963,2996.292681
2024/4/7,828,0.614276299,0.440070294,0.105880968,3088.544915,2940.172815
2024/4/8,829,0.614262034,0.430905216,0.108128138,3147.279288,2956.438507
2024/4/9,830,0.614269296,0.430912722,0.107509904,3115.592104,2924.421547
2024/4/10,831,0.605103036,0.430909772,0.108842537,3127.639798,2911.486764
2024/4/11,832,0.605134597,0.430930807,0.108324371,3085.608222,2958.516522
2024/4/12,833,0.605134342,0.430926008,0.108226165,3046.358591,2965.484653
2024/4/13,834,0.605145788,0.430936857,0.108128138,3020.562119,2973.233912
2024/4/14,835,0.623406496,0.458390345,0.106502153,2999.390668,2967.703451
2024/4/15,836,0.605136309,0.430929265,0.107315145,2982.09365,2946.641382
2024/4/16,837,0.605126342,0.430930175,0.109654799,2965.078688,2951.032255
2024/4/17,838,0.595974166,0.412595692,0.108324371,2962.797145,2953.281717
2024/4/18,839,0.586796359,0.421763797,0.110567115,2984.250291,2977.001548
2024/4/19,840,0.586797847,0.412597214,0.109953314,3158.991735,2772.911114
2024/4/20,841,0.586799275,0.403420098,0.110467054,2986.545305,2942.654333
2024/4/21,842,0.577626488,0.403426543,0.111279316,2932.670134,2946.825805
2024/4/22,843,0.577626617,0.394250518,0.109138846,2876.889104,2981.121765
2024/4/23,844,0.577623712,0.394253548,0.111990221,2836.858813,2995.027746
2024/4/24,845,0.577629824,0.412583686,0.109853625,2820.718054,3000.902742
2024/4/25,846,0.57762529,0.403415581,0.109754123,2788.218755,3003.324534
2024/4/26,847,0.577619045,0.403421635,0.110467054,2770.953202,2998.699405
2024/4/27,848,0.568469334,0.394267146,0.110567115,2740.70373,3005.620894
2024/4/28,849,0.568464567,0.385086929,0.109853625,2747.482659,2990.84078
2024/4/29,850,0.559280044,0.385080913,0.109953314,2785.625465,2951.075323
2024/4/30,851,0.559305602,0.375930952,0.110467054,2745.203918,2965.606711
2024/5/1,852,0.550132777,0.366768902,0.110767782,2757.45394,2953.153784
2024/5/2,853,0.550123924,0.366746304,0.110053182,2724.532361,2978.13733
2024/5/3,854,0.540969546,0.366762911,0.112193108,2685.392206,2987.512161
2024/5/4,855,0.540945323,0.366743332,0.112396717,2650.858937,2987.543351
2024/5/5,856,0.550126727,0.366750608,0.109853625,2607.502511,3032.542108
2024/5/6,857,0.54097997,0.366764392,0.112193108,2549.612833,3039.479264
2024/5/7,858,0.540963938,0.366752139,0.112903826,2522.191269,3054.885356
2024/5/8,859,0.540969517,0.357593407,0.112193108,2506.519724,3055.385371
2024/5/9,860,0.53180745,0.348416219,0.1130061,2528.910424,3010.464719
2024/5/10,861,0.531813403,0.339251119,0.113819093,2550.144338,2995.04297
2024/5/11,862,0.531853887,0.339288876,0.111481085,2517.582188,3013.105098
2024/5/12,863,0.522685861,0.330122302,0.1130061,2515.003964,3004.761951
2024/5/13,864,0.522693573,0.330122287,0.112903826,2477.957977,3029.120338
2024/5/14,865,0.540964575,0.339251283,0.10894113,2436.489707,3044.492747
2024/5/15,866,0.522616639,0.330067794,0.111990221,2404.318625,3049.494974
2024/5/16,867,0.513447259,0.320910045,0.112193108,2393.865823,3051.432236
2024/5/17,868,0.504272947,0.302569949,0.111582249,2366.256566,3058.588431
2024/5/18,869,0.504280738,0.302568444,0.113613263,2277.180628,3382.037007
2024/5/19,870,0.504285276,0.293400384,0.112294815,2517.614205,3013.339949
2024/5/20,871,0.495101631,0.293392186,0.114528343,2425.053128,2991.121364
2024/5/21,872,0.495100404,0.284230872,0.114424787,2319.212242,3034.636428
2024/5/22,873,0.485933832,0.28422633,0.112396717,2234.665357,3061.198079
2024/5/23,874,0.495089884,0.293392089,0.112396717,2213.431347,3075.446271
2024/5/24,875,0.49509157,0.302551989,0.110667355,2181.806721,3082.135276
2024/5/25,876,0.48593868,0.293386877,0.111481085,2158.682181,
2024/5/26,877,0.485940171,0.28422486,0.112903826,2294.492324,3319.14688
2024/5/27,878,0.476761787,0.265885913,0.112294815,2180.947825,3066.011328
2024/5/28,879,0.467598892,0.256722126,0.113819093,2226.525837,2970.557727
2024/5/29,880,0.458456941,0.24756463,0.114528343,2154.825141,3047.341976
2024/5/30,881,0.449278273,0.238392015,0.11625807,2117.88628,
2024/5/31,882,0.449252506,0.238382982,0.11615286,2254.602692,3340.193448
2024/6/1,883,0.449284439,0.229221552,0.114736006,2022.418834,3123.900117
2024/6/2,884,0.440102764,0.229220939,0.117670886,1941.04509,3171.930501
2024/6/3,885,0.440096711,0.229214335,0.11625807,1901.030082,3175.429998
2024/6/4,886,0.449274674,0.247552303,0.116859362,1850.54817,3190.320601
2024/6/5,887,0.449270962,0.238387562,0.115445077,1823.781255,3194.132673
2024/6/6,888,0.449255814,0.238384512,0.114736006,1811.768241,3195.710943
2024/6/7,889,0.449246752,0.247542011,0.115445077,1806.859534,3198.695168
2024/6/8,890,0.440098306,0.220049897,0.116363466,1824.203122,3138.386088
2024/6/9,891,0.430925588,0.210877297,0.117777377,1856.874275,3131.977931
2024/6/10,892,0.430936207,0.210881776,0.115445077,1850.671901,3133.493573
2024/6/11,893,0.421749951,0.201705778,0.116574854,1839.140701,3107.259677
2024/6/12,894,0.421772694,0.201712336,0.11707107,1882.31203,3085.759883
2024/6/13,895,0.421775477,0.20170228,0.11707107,1766.860558,3179.367451
2024/6/14,896,0.421766643,0.201715268,0.117177196,1718.330077,3191.789233
2024/6/15,897,0.421766628,0.201710647,0.117884062,1707.580019,3179.586311
2024/6/16,898,0.421790803,0.201725855,0.115549736,1675.486862,3182.773554
2024/6/17,899,0.421783185,0.210890873,0.115549736,1665.862512,3185.555364
2024/6/18,900,0.421780183,0.2108923,0.114840128,1661.955954,3183.414116
2024/6/19,901,0.421777209,0.210889366,0.115654595,1642.206791,3184.976818
2024/6/20,902,0.42177721,0.210887857,0.11707107,1642.722758,3182.960753
2024/6/21,903,0.412613683,0.192551722,0.115759641,1689.629858,3133.712283
2024/6/22,904,0.412613659,0.192550254,0.118697055,1705.580316,3123.946684
2024/6/23,905,0.412613139,0.183394165,0.117283531,1697.986652,3128.368404
2024/6/24,906,0.403455407,0.183388246,0.117283531,1684.361829,3115.806071
2024/6/25,907,0.403471133,0.174229135,0.117777377,1673.424379,3145.149099
2024/6/26,908,0.403447122,0.174217128,0.118097998,1619.128519,3160.945889
2024/6/27,909,0.403502831,0.174241194,0.117390059,1599.988142,3173.195444
2024/6/28,910,0.394326625,0.174233712,0.117990926,1581.222786,3171.758001
2024/6/29,911,0.394319663,0.165061113,0.118697055,1559.488963,3172.992365
2024/6/30,912,0.394327328,0.165071662,0.119510047,1552.035785,3175.195352
2024/7/1,913,0.440123842,0.220063422,0.1116836,1537.317142,3170.351422
2024/7/2,914,0.421760346,0.201716557,0.115236312,1523.239418,3173.994365
2024/7/3,915,0.41259702,0.192550176,0.114840128,1511.239628,3173.367407
2024/7/4,916,0.403424469,0.174206569,0.11625807,1500.661649,3175.320276
2024/7/5,917,0.394238448,0.165032522,0.11707107,1404.366539,3538.501677
2024/7/6,918,0.394275955,0.165052042,0.117283531,1792.609732,3206.773272
2024/7/7,919,0.385095965,0.155874999,0.118804663,1700.473158,3155.742726
2024/7/8,920,0.385098949,0.155873468,0.117990926,1634.753624,3153.977152
2024/7/9,921,0.385098896,0.146705406,0.117177196,1556.800927,3179.992044
2024/7/10,922,0.375927877,0.146707599,0.117884062,1509.833404,3179.788871
2024/7/11,923,0.375920069,0.146694626,0.117390059,1477.958854,3167.242368
2024/7/12,924,0.375930867,0.146702377,0.119510047,1446.771972,3159.851607
2024/7/13,925,0.375914273,0.155873393,0.117990926,1425.334862,3157.070649
2024/7/14,926,0.375932446,0.155873492,0.120105453,1411.225527,3144.023956
2024/7/15,927,0.375932409,0.146705488,0.117283531,1393.913347,3136.524038
2024/7/16,928,0.366758338,0.146703907,0.118697055,1384.16362,3125.836718
2024/7/17,929,0.375939963,0.15587656,0.117884062,1387.098962,3107.649985
2024/7/18,930,0.375918879,0.155870481,0.120105453,1427.350642,3067.181811
2024/7/19,931,0.357575078,0.137532842,0.117884062,1421.992267,3085.056509
2024/7/20,932,0.357590216,0.137534376,0.121136032,1378.648139,3090.150138
2024/7/21,933,0.348420679,0.128363289,0.120432124,1411.475887,3041.479513
2024/7/22,934,0.357578209,0.137526742,0.118912473,1394.319957,3056.40093
2024/7/23,935,0.357593323,0.13753438,0.118804663,1292.384063,3103.321208
2024/7/24,936,0.357576488,0.146694652,0.119510047,1271.33968,3083.290561
2024/7/25,937,0.357587286,0.137535882,0.119618393,1255.119126,3089.243748
2024/7/26,938,0.357582769,0.146700926,0.120432124,1243.103648,3054.197734
2024/7/27,939,0.357585732,0.137529827,0.120916978,1287.806056,3051.401026
2024/7/28,940,0.366750724,0.146708968,0.117283531,1294.993518,3049.026337
2024/7/29,941,0.366743122,0.14669951,0.117990926,1310.664389,3042.619907
2024/7/30,942,0.357569221,0.137522412,0.118097998,1301.556083,3036.854834
2024/7/31,943,0.348414807,0.137530747,0.118804663,1310.383953,3026.43294
2024/8/1,944,0.348411735,0.137529797,0.118097998,1331.89978,3015.371063
2024/8/2,945,0.348410247,0.128360329,0.118097998,1356.61762,3000.871297
2024/8/3,946,0.339235304,0.128361819,0.118697055,1349.742719,3004.871473
2024/8/4,947,0.339242176,0.128366354,0.118804663,1323.180817,3016.995833
2024/8/5,948,0.330098185,0.119202771,0.119726941,1278.46289,3011.183275
2024/8/6,949,0.3208967,0.110021779,0.121245854,1259.759683,3013.792404
2024/8/7,950,0.320910533,0.110026549,0.121026404,1247.744469,2999.839665
2024/8/8,951,0.320914992,0.110034721,0.121136032,1229.338154,3003.402259
2024/8/9,952,0.320904491,0.11002421,0.121136032,1211.510769,2990.277235
2024/8/10,953,0.320910302,0.110027203,0.121838666,1140.761732,3014.573239
2024/8/11,954,0.320905931,0.10085758,0.121136032,1110.121392,3011.542327
2024/8/12,955,0.311737933,0.100851598,0.119726941,1093.622038,3005.386071
2024/8/13,956,0.210895315,0.064183913,0.119510047,1110.871608,2986.714473
2024/8/14,957,0.311745469,0.10085763,0.121949024,1109.824774,2984.152167
2024/8/15,958,0.31176632,0.10086818,0.120432124,1109.449853,2976.355096
2024/8/16,959,0.302596026,0.091689587,0.120432124,1082.153362,2972.792811
2024/8/17,960,0.265921828,0.091700148,0.117177196,1066.63808,0
2024/8/18,961,0.238393541,0.08251853,0.119401887,1263.681572,3296.162278
2024/8/19,962,0.238407151,0.082525487,0.120432124,1045.185274,2986.823179
2024/8/20,963,0.229233055,0.073354964,0.118912473,1043.357202,2964.058605
2024/8/21,964,0.229239164,0.073356414,0.120432124,1024.513708,1501.302242
2024/8/22,965,0.22005271,0.073348005,0.118912473,0,1261.586062
2024/8/23,966,0.220057149,0.073358002,0.121245854,844.985758,2578.394065
2024/8/24,967,0.210896128,0.064185428,0.122540019,698.8008385,2525.894907
2024/8/25,968,0.210898459,0.064186934,0.123351544,684.1916142,2516.910628
2024/8/26,969,0.201734841,0.064188444,0.121245854,653.6454088,2497.754972
2024/8/27,970,0.201718345,0.055012899,0.119726941,645.3146998,2478.958127
2024/8/28,971,0.201721279,0.055015865,0.122059584,623.5382944,2464.521112
2024/8/29,972,0.201708467,0.055009821,0.121355876,591.6463005,2455.302136
